-- Creating CITY Table

CREATE TABLE CITY 
(CNAME VARCHAR2(15) NOT NULL, 
STATE VARCHAR2(15),  
COUNTRY VARCHAR(30), 
PRIMARY KEY(CNAME));

desc City


-- Inserting into CITY Table

INSERT INTO CITY (CNAME, STATE, COUNTRY) VALUES('Louisville','Kentucky','United States');
INSERT INTO CITY (CNAME, STATE, COUNTRY) VALUES ('Chandigarh','Chandigarh','India');
INSERT INTO CITY (CNAME, STATE, COUNTRY) VALUES ('Fort Worth','Texas','United States');
INSERT INTO CITY (CNAME, STATE, COUNTRY) VALUES('Delhi','Delhi','India');
INSERT INTO CITY (CNAME, STATE, COUNTRY) VALUES('Mumbai','Maharashtra','India');
INSERT INTO CITY (CNAME, STATE, COUNTRY) VALUES('San Francisco', 'California', 'United States');
INSERT INTO CITY (CNAME, STATE, COUNTRY) VALUES('Frankfurt','Hesse','Germany');
INSERT INTO CITY (CNAME, STATE, COUNTRY) VALUES('Houston','Texas','United States');
INSERT INTO CITY (CNAME, STATE, COUNTRY) VALUES('New York City','New York','United States');
INSERT INTO CITY (CNAME, STATE, COUNTRY) VALUES('Tampa', 'Florida', 'United States');
Select * from City;


-- Creating AIRPORT Table
CREATE TABLE AIRPORT
(AP_NAME VARCHAR2(100) NOT NULL,
STATE VARCHAR2(15), 
COUNTRY VARCHAR(30),
CNAME VARCHAR2(15),
PRIMARY KEY(AP_NAME),
FOREIGN KEY(CNAME) REFERENCES CITY(CNAME) ON DELETE CASCADE);
desc Airport;


-- Inserting in AIRPORT Table
INSERT INTO AIRPORT (AP_NAME, STATE, COUNTRY, CNAME) VALUES('Louisville International Airport','Kentucky','United States','Louisville');
INSERT INTO AIRPORT (AP_NAME, STATE, COUNTRY, CNAME) VALUES('Chandigarh International Airport','Chandigarh','India','Chandigarh');
INSERT INTO AIRPORT (AP_NAME, STATE, COUNTRY, CNAME) VALUES('Dallas/Fort Worth International Airport','Texas','United States','Fort Worth');
INSERT INTO AIRPORT (AP_NAME, STATE, COUNTRY, CNAME) VALUES('Indira GandhiInternational Airport','Delhi','India','Delhi');
INSERT INTO AIRPORT (AP_NAME, STATE, COUNTRY, CNAME) VALUES('Chhatrapati Shivaji International Airport','Maharashtra','India','Mumbai');
INSERT INTO AIRPORT (AP_NAME, STATE, COUNTRY, CNAME) VALUES('San Francisco International Airport','California', 'United States','San Francisco');
INSERT INTO AIRPORT (AP_NAME, STATE, COUNTRY, CNAME) VALUES('Frankfurt Airport','Hesse','Germany','Frankfurt');
INSERT INTO AIRPORT (AP_NAME, STATE, COUNTRY, CNAME) VALUES('George Bush Intercontinental Airport','Texas','United States','Houston');
INSERT INTO AIRPORT (AP_NAME, STATE, COUNTRY, CNAME) VALUES('John F. Kennedy International Airport','New York','United States','New York City');
INSERT INTO AIRPORT (AP_NAME, STATE, COUNTRY, CNAME) VALUES('Tampa International Airport','Florida', 'United States','Tampa');

Select * from Airport;


-- Creating AIRLINE Table
CREATE TABLE AIRLINE
(AIRLINEID VARCHAR(3) NOT NULL,
AL_NAME VARCHAR2(50),
THREE_DIGIT_CODE VARCHAR(3),
PRIMARY KEY(AIRLINEID));
desc AIRLINE;


-- Inserting in AIRLINE Table
INSERT INTO AIRLINE (AIRLINEID, AL_NAME, THREE_DIGIT_CODE) VALUES('AA','American Airlines','001');
INSERT INTO AIRLINE (AIRLINEID, AL_NAME, THREE_DIGIT_CODE) VALUES('AI','Air India Limited','098');
INSERT INTO AIRLINE (AIRLINEID, AL_NAME, THREE_DIGIT_CODE) VALUES('LH','Lufthansa', '220');
INSERT INTO AIRLINE (AIRLINEID, AL_NAME, THREE_DIGIT_CODE) VALUES('BA','British Airways','125');
INSERT INTO AIRLINE (AIRLINEID, AL_NAME, THREE_DIGIT_CODE) VALUES('QR','Qatar Airways','157');
INSERT INTO AIRLINE (AIRLINEID, AL_NAME, THREE_DIGIT_CODE) VALUES('9W','Jet Airways','589');
INSERT INTO AIRLINE (AIRLINEID, AL_NAME, THREE_DIGIT_CODE) VALUES('EK','Emirates','176');
INSERT INTO AIRLINE (AIRLINEID, AL_NAME, THREE_DIGIT_CODE) VALUES('EY','Ethiad Airways','607');
INSERT INTO AIRLINE (AIRLINEID, AL_NAME, THREE_DIGIT_CODE) VALUES('5E','Indigo','038');
INSERT INTO AIRLINE (AIRLINEID, AL_NAME, THREE_DIGIT_CODE) VALUES('TJ','True Jet','917');
Select * from Airline;


-- Creating FLIGHT Table
CREATE TABLE FLIGHT
(FLIGHT_CODE VARCHAR(10) NOT NULL,
SOURCE VARCHAR(3),
DESTINATION VARCHAR(3),
ARRIVAL VARCHAR2(10),
DEPARTURE VARCHAR2(10),
STATUS VARCHAR(10),
DURATION VARCHAR2(30),
FLIGHTTYPE VARCHAR(10),
LAYOVER_TIME VARCHAR2(30),
NO_OF_STOPS INT,
AIRLINEID VARCHAR(3),
PRIMARY KEY(FLIGHT_CODE),
FOREIGN KEY(AIRLINEID) REFERENCES AIRLINE(AIRLINEID) ON DELETE CASCADE);
DESC FLIGHT;


-- Inserting in FLIGHT Table
INSERT INTO FLIGHT(FLIGHT_CODE, SOURCE, DESTINATION, ARRIVAL, DEPARTURE, STATUS, DURATION, FLIGHTTYPE, LAYOVER_TIME, NO_OF_STOPS, AIRLINEID)
VALUES('AI2014','BOM','DFW','02:10','03:15','On-time','24hr','Connecting',3,1,'AI');

INSERT INTO FLIGHT(FLIGHT_CODE, SOURCE, DESTINATION, ARRIVAL, DEPARTURE, STATUS, DURATION, FLIGHTTYPE, LAYOVER_TIME, NO_OF_STOPS, AIRLINEID)
VALUES('QR2305','BOM','DFW','13:00','13:55','Delayed','21hr','Non-stop',0,0,'QR');

INSERT INTO FLIGHT(FLIGHT_CODE, SOURCE, DESTINATION, ARRIVAL, DEPARTURE, STATUS, DURATION, FLIGHTTYPE, LAYOVER_TIME, NO_OF_STOPS, AIRLINEID)
VALUES('EY1234','JFK','TPA','19:20','20:05','On-time','16hrs','Connecting',5,2,'EY');

INSERT INTO FLIGHT(FLIGHT_CODE, SOURCE, DESTINATION, ARRIVAL, DEPARTURE, STATUS, DURATION, FLIGHTTYPE, LAYOVER_TIME, NO_OF_STOPS, AIRLINEID)
VALUES('LH9876','JFK','BOM','05:50','06:35','On-time','18hrs','Non-stop',0,0,'LH');

INSERT INTO FLIGHT(FLIGHT_CODE, SOURCE, DESTINATION, ARRIVAL, DEPARTURE, STATUS, DURATION, FLIGHTTYPE, LAYOVER_TIME, NO_OF_STOPS, AIRLINEID)
VALUES('BA1689','FRA','DEL','10:20','10:55','On-time','14hrs','Non-stop',0,0,'BA');

INSERT INTO FLIGHT(FLIGHT_CODE, SOURCE, DESTINATION, ARRIVAL, DEPARTURE, STATUS, DURATION, FLIGHTTYPE, LAYOVER_TIME, NO_OF_STOPS, AIRLINEID)
VALUES('AA4367','SFO','FRA','18:10','18:55','On-time','21hrs','Non-stop',0,0,'AA');

INSERT INTO FLIGHT(FLIGHT_CODE, SOURCE, DESTINATION, ARRIVAL, DEPARTURE, STATUS, DURATION, FLIGHTTYPE, LAYOVER_TIME, NO_OF_STOPS, AIRLINEID)
VALUES('QR1902','IXC','IAH','22:00','22:50','Delayed','28hrs','Non-stop',5,1,'QR');

INSERT INTO FLIGHT(FLIGHT_CODE, SOURCE, DESTINATION, ARRIVAL, DEPARTURE, STATUS, DURATION, FLIGHTTYPE, LAYOVER_TIME, NO_OF_STOPS, AIRLINEID)
VALUES('BA3056','BOM','DFW','02:15','02:55','On-time','29hrs','Connecting',3,1,'BA');

INSERT INTO FLIGHT(FLIGHT_CODE, SOURCE, DESTINATION, ARRIVAL, DEPARTURE, STATUS, DURATION, FLIGHTTYPE, LAYOVER_TIME, NO_OF_STOPS, AIRLINEID)
VALUES('EK3456','BOM','SFO','18:50','19:40','On-time','30hrs','Non-stop',0,0,'EK');

INSERT INTO FLIGHT(FLIGHT_CODE, SOURCE, DESTINATION, ARRIVAL, DEPARTURE, STATUS, DURATION, FLIGHTTYPE, LAYOVER_TIME, NO_OF_STOPS, AIRLINEID)
VALUES('9W2334','IAH','DEL','23:00','13:45','On-time','23hrs','Direct',0,0,'9W');

SELECT * FROM FLIGHT;


-- Creating PASSENGR_PASSPORT Table
CREATE TABLE PASSENGER_PASSPORT
(PID INT NOT NULL,
PASSPORTNO VARCHAR(10) NOT NULL,
PRIMARY KEY(PID, PASSPORTNO));
desc PASSENGER_PASSPORT;


-- Inserting in PASSENGR_PASSPORT Table
INSERT INTO PASSENGER_PASSPORT(PID, PASSPORTNO) VALUES(1,'A1234568');
INSERT INTO PASSENGER_PASSPORT(PID, PASSPORTNO) VALUES(2,'B9876541');
INSERT INTO PASSENGER_PASSPORT(PID, PASSPORTNO) VALUES(3,'C2345698');
INSERT INTO PASSENGER_PASSPORT(PID, PASSPORTNO) VALUES(4,'D1002004');
INSERT INTO PASSENGER_PASSPORT(PID, PASSPORTNO) VALUES(5,'X9324666');
INSERT INTO PASSENGER_PASSPORT(PID, PASSPORTNO) VALUES(6,'B8765430');
INSERT INTO PASSENGER_PASSPORT(PID, PASSPORTNO) VALUES(7,'J9801235');
INSERT INTO PASSENGER_PASSPORT(PID, PASSPORTNO) VALUES(8,'A1122334');
INSERT INTO PASSENGER_PASSPORT(PID, PASSPORTNO) VALUES(9,'Q1243567');
INSERT INTO PASSENGER_PASSPORT(PID, PASSPORTNO) VALUES(10,'S1243269');
INSERT INTO PASSENGER_PASSPORT(PID, PASSPORTNO) VALUES(11,'E3277889');
INSERT INTO PASSENGER_PASSPORT(PID, PASSPORTNO) VALUES(12,'K3212322');
INSERT INTO PASSENGER_PASSPORT(PID, PASSPORTNO) VALUES(13,'P3452390');
INSERT INTO PASSENGER_PASSPORT(PID, PASSPORTNO) VALUES(14,'W7543336');
INSERT INTO PASSENGER_PASSPORT(PID, PASSPORTNO) VALUES(15,'R8990566');
SELECT * FROM PASSENGER_PASSPORT;


-- Creating PASSENGR_DETAILS Table
CREATE TABLE PASSENGER_DETAILS
(PASSPORTNO VARCHAR(10) NOT NULL,
FNAME VARCHAR2(20),
M VARCHAR(1),
LNAME VARCHAR2(20),
ADDRESS VARCHAR2(100),
PHONE INT,
AGE INT,
SEX VARCHAR(1),
PRIMARY KEY(PASSPORTNO));
DESC PASSENGER_DETAILS;


-- Inserting in PASSENGR_DETAILS Table
INSERT INTO PASSENGER_DETAILS(PASSPORTNO,FNAME,M,LNAME,ADDRESS,PHONE,AGE,SEX)
VALUES('A1234568','ALEN','M','SMITH','2230 NORTHSIDE, APT 11, ALBANY, NY',8080367290,30,'M');

INSERT INTO PASSENGER_DETAILS(PASSPORTNO,FNAME,M,LNAME,ADDRESS,PHONE,AGE,SEX)
VALUES('B9876541','ANKITA','V','AHIR','3456 VIKAS APTS, APT 102,DOMBIVLI, INDIA',8080367280,26,'F');

INSERT INTO PASSENGER_DETAILS(PASSPORTNO,FNAME,M,LNAME,ADDRESS,PHONE,AGE,SEX)
VALUES('C2345698','KHYATI','A','MISHRA','7820 MCCALLUM COURTS, APT 234, AKRON, OH',8082267280,30,'F');

INSERT INTO PASSENGER_DETAILS(PASSPORTNO,FNAME,M,LNAME,ADDRESS,PHONE,AGE,SEX)
VALUES('D1002004','ANKITA','S','PATIL','7720 MCCALLUM BLVD, APT 1082, DALLAS, TX',9080367266,23,'F');

INSERT INTO PASSENGER_DETAILS(PASSPORTNO,FNAME,M,LNAME,ADDRESS,PHONE,AGE,SEX)
VALUES('X9324666','TEJASHREE','B','PANDIT','9082 ESTAES OF RICHARDSON, RICHARDSON, TX',9004360125,28,'F');

INSERT INTO PASSENGER_DETAILS(PASSPORTNO,FNAME,M,LNAME,ADDRESS,PHONE,AGE,SEX)
VALUES('B8765430','LAKSHMI','P','SHARMA','1110 FIR HILLS, APT 903, AKRON, OH',7666190505,30,'F');

INSERT INTO PASSENGER_DETAILS(PASSPORTNO,FNAME,M,LNAME,ADDRESS,PHONE,AGE,SEX)
VALUES('J9801235','AKHILESH','D','JOSHI','345 CHATHAM COURTS, APT 678, MUMBAI, INDIA',9080369290,29,'M');

INSERT INTO PASSENGER_DETAILS(PASSPORTNO,FNAME,M,LNAME,ADDRESS,PHONE,AGE,SEX)
VALUES('A1122334','MANAN','S','LAKHANI','5589 CHTHAM REFLECTIONS, APT 349 HOUSTON, TX',9004335126,25,'F');

INSERT INTO PASSENGER_DETAILS(PASSPORTNO,FNAME,M,LNAME,ADDRESS,PHONE,AGE,SEX)
VALUES('Q1243567','KARAN','M','MOTANI','4444 FRANKFORD VILLA, APT 77, GUILDERLAND, NY',9727626643,22,'M');

INSERT INTO PASSENGER_DETAILS(PASSPORTNO,FNAME,M,LNAME,ADDRESS,PHONE,AGE,SEX)
VALUES('S1243269','ROM','A','SOLANKI','7720 MCCALLUM BLVD, APT 2087, DALLAS, TX',9004568903,60,'M');

INSERT INTO PASSENGER_DETAILS(PASSPORTNO,FNAME,M,LNAME,ADDRESS,PHONE,AGE,SEX)
VALUES('E3277889','John','A','GATES','1234 BAKER APTS, APT 59, HESSE, GERMANY',9724569986,10,'M');

INSERT INTO PASSENGER_DETAILS(PASSPORTNO,FNAME,M,LNAME,ADDRESS,PHONE,AGE,SEX)
VALUES('K3212322','SARA','B','GOMES','6785 SPLITSVILLA, APT 34, MIAMI, FL',9024569226,15,'F');

INSERT INTO PASSENGER_DETAILS(PASSPORTNO,FNAME,M,LNAME,ADDRESS,PHONE,AGE,SEX)
VALUES('P3452390','ALIA','V','BHAT','548 MARKET PLACE, SAN Francisco, CA',9734567800,10,'F');

INSERT INTO PASSENGER_DETAILS(PASSPORTNO,FNAME,M,LNAME,ADDRESS,PHONE,AGE,SEX)
VALUES('W7543336','JOHN','P','SMITH','6666 ROCK HILL, APT 2902, TAMPA, FL',4624569986,55,'M');

INSERT INTO PASSENGER_DETAILS(PASSPORTNO,FNAME,M,LNAME,ADDRESS,PHONE,AGE,SEX)
VALUES('R8990566','RIA','T','GUPTA','3355 PALENCIA, APT 2065, MUMBAI, INDIA',4724512343,10,'M');

SELECT * FROM PASSENGER_DETAILS;


-- Creating PASSENGR_FLIGHT Table
CREATE TABLE PASSENGER_FLIGHT
(PID INT NOT NULL,
FLIGHT_CODE VARCHAR(10),
PRIMARY KEY(PID),
FOREIGN KEY(FLIGHT_CODE) REFERENCES FLIGHT(FLIGHT_CODE) ON DELETE CASCADE);
DESC PASSENGER_FLIGHT;


-- Inserting in PASSENGR_FLIGHT Table
INSERT INTO PASSENGER_FLIGHT(PID, FLIGHT_CODE) VALUES(1,'AI2014');
INSERT INTO PASSENGER_FLIGHT(PID, FLIGHT_CODE) VALUES(2,'LH9876');
INSERT INTO PASSENGER_FLIGHT(PID, FLIGHT_CODE) VALUES(3,'9W2334');
INSERT INTO PASSENGER_FLIGHT(PID, FLIGHT_CODE) VALUES(4,'QR1902');
INSERT INTO PASSENGER_FLIGHT(PID, FLIGHT_CODE) VALUES(5,'EY1234');
INSERT INTO PASSENGER_FLIGHT(PID, FLIGHT_CODE) VALUES(6,'BA3056');
INSERT INTO PASSENGER_FLIGHT(PID, FLIGHT_CODE) VALUES(7,'9W2334');
INSERT INTO PASSENGER_FLIGHT(PID, FLIGHT_CODE) VALUES(8,'AA4367');
INSERT INTO PASSENGER_FLIGHT(PID, FLIGHT_CODE) VALUES(9,'QR1902');
INSERT INTO PASSENGER_FLIGHT(PID, FLIGHT_CODE) VALUES(10,'EK3456');
INSERT INTO PASSENGER_FLIGHT(PID, FLIGHT_CODE) VALUES(11,'BA1689');
INSERT INTO PASSENGER_FLIGHT(PID, FLIGHT_CODE) VALUES(12,'QR1902');
INSERT INTO PASSENGER_FLIGHT(PID, FLIGHT_CODE) VALUES(13,'AI2014');
INSERT INTO PASSENGER_FLIGHT(PID, FLIGHT_CODE) VALUES(14,'BA1689');
INSERT INTO PASSENGER_FLIGHT(PID, FLIGHT_CODE) VALUES(15,'QR2305');
SELECT * FROM PASSENGER_FLIGHT;


-- Creating TICKET_DETAILS Table
CREATE TABLE TICKET_DETAILS
(TICKET_NUMBER INT NOT NULL,
SOURCE VARCHAR(3),
DESTINATION VARCHAR(3),
DATE_OF_BOOKING DATE,
DATE_OF_TRAVEL DATE,
SEATNO VARCHAR(5),
CLASS VARCHAR2(15),
DATE_OF_CANCELLATION DATE,
PID INT,
PASSPORTNO VARCHAR(10),
FOREIGN KEY(PID, PASSPORTNO) REFERENCES PASSENGER_PASSPORT(PID, PASSPORTNO) ON DELETE CASCADE);
DESC TICKET_DETAILS;


-- Inserting in TICKET_DETAILS Table
INSERT INTO TICKET_DETAILS(TICKET_NUMBER, SOURCE, DESTINATION, DATE_OF_BOOKING, DATE_OF_CANCELLATION, DATE_OF_TRAVEL, SEATNO, CLASS, PID, PASSPORTNO)
VALUES(0011234111122,'BOM','DFW','11-MAY-16','','15-DEC-16','32A','ECONOMY',1,'A1234568');

INSERT INTO TICKET_DETAILS(TICKET_NUMBER, SOURCE, DESTINATION, DATE_OF_BOOKING, DATE_OF_CANCELLATION, DATE_OF_TRAVEL, SEATNO, CLASS, PID, PASSPORTNO)
VALUES(0984567222299,'JFK','BOM','11-JUN-16','10-DEC-16','20-DEC-16','45D','ECONOMY',2,'B9876541');

INSERT INTO TICKET_DETAILS(TICKET_NUMBER, SOURCE, DESTINATION, DATE_OF_BOOKING, DATE_OF_CANCELLATION, DATE_OF_TRAVEL, SEATNO, CLASS, PID, PASSPORTNO)
VALUES(1768901333273,'IAH','DEL','21-AUG-16','','25-DEC-16','1A','BUSINESS',3,'C2345698');

INSERT INTO TICKET_DETAILS(TICKET_NUMBER, SOURCE, DESTINATION, DATE_OF_BOOKING, DATE_OF_CANCELLATION, DATE_OF_TRAVEL, SEATNO, CLASS, PID, PASSPORTNO)
VALUES(5890987441464,'IXC','IAH','10-AUG-16','','12-JAN-17','20C','FIRST-CLASS',4,'D1002004');

INSERT INTO TICKET_DETAILS(TICKET_NUMBER, SOURCE, DESTINATION, DATE_OF_BOOKING, DATE_OF_CANCELLATION, DATE_OF_TRAVEL, SEATNO, CLASS, PID, PASSPORTNO)
VALUES(1577654664266,'JFK','TPA','13-JUN-16','','10-DEC-16','54E','ECONOMY',5,'X9324666');

INSERT INTO TICKET_DETAILS(TICKET_NUMBER, SOURCE, DESTINATION, DATE_OF_BOOKING, DATE_OF_CANCELLATION, DATE_OF_TRAVEL, SEATNO, CLASS, PID, PASSPORTNO)
VALUES(2206543545545,'BOM','DFW','11-NOV-16','','12-FEB-17','43B','ECONOMY',6,'B8765430');

INSERT INTO TICKET_DETAILS(TICKET_NUMBER, SOURCE, DESTINATION, DATE_OF_BOOKING, DATE_OF_CANCELLATION, DATE_OF_TRAVEL, SEATNO, CLASS, PID, PASSPORTNO)
VALUES(7064321779737,'IAH','DEL','15-NOV-16','','25-DEC-16','27B','FIRST-CLASS',7,'J9801235');

INSERT INTO TICKET_DETAILS(TICKET_NUMBER, SOURCE, DESTINATION, DATE_OF_BOOKING, DATE_OF_CANCELLATION, DATE_OF_TRAVEL, SEATNO, CLASS, PID, PASSPORTNO)
VALUES(1571357215116,'SFO','FRA','15-OCT-16','','18-DEC-16','34E','ECONOMY',8,'A1122334');

INSERT INTO TICKET_DETAILS(TICKET_NUMBER, SOURCE, DESTINATION, DATE_OF_BOOKING, DATE_OF_CANCELLATION, DATE_OF_TRAVEL, SEATNO, CLASS, PID, PASSPORTNO)
VALUES(1570864987655,'IXC','IAH','12-NOV-16','','30-DEC-16','54C','ECONOMY',9,'Q1243567');

INSERT INTO TICKET_DETAILS(TICKET_NUMBER, SOURCE, DESTINATION, DATE_OF_BOOKING, DATE_OF_CANCELLATION, DATE_OF_TRAVEL, SEATNO, CLASS, PID, PASSPORTNO)
VALUES(1579283997799,'BOM','SFO','22-JAN-16','','15-DEC-16','38A','ECONOMY',10,'S1243269');

INSERT INTO TICKET_DETAILS(TICKET_NUMBER, SOURCE, DESTINATION, DATE_OF_BOOKING, DATE_OF_CANCELLATION, DATE_OF_TRAVEL, SEATNO, CLASS, PID, PASSPORTNO)
VALUES(1255701876107,'FRA','DEL','19-OCT-16','','31-DEC-16','57F','ECONOMY',11,'E3277889');

INSERT INTO TICKET_DETAILS(TICKET_NUMBER, SOURCE, DESTINATION, DATE_OF_BOOKING, DATE_OF_CANCELLATION, DATE_OF_TRAVEL, SEATNO, CLASS, PID, PASSPORTNO)
VALUES(1251334499699,'IXC','IAH','20-NOV-16','','12-JAN-17','45D','ECONOMY',12,'K3212322');

INSERT INTO TICKET_DETAILS(TICKET_NUMBER, SOURCE, DESTINATION, DATE_OF_BOOKING, DATE_OF_CANCELLATION, DATE_OF_TRAVEL, SEATNO, CLASS, PID, PASSPORTNO)
VALUES(1258776199490,'BOM','DFW','13-MAY-16','25-MAY-16','15-DEC-16','37C','ECONOMY',13,'P3452390');

INSERT INTO TICKET_DETAILS(TICKET_NUMBER, SOURCE, DESTINATION, DATE_OF_BOOKING, DATE_OF_CANCELLATION, DATE_OF_TRAVEL, SEATNO, CLASS, PID, PASSPORTNO)
VALUES(5891155114477,'FRA','DEL','26-JUN-16','','23-DEC-16','55C','ECONOMY',14,'W7543336');

INSERT INTO TICKET_DETAILS(TICKET_NUMBER, SOURCE, DESTINATION, DATE_OF_BOOKING, DATE_OF_CANCELLATION, DATE_OF_TRAVEL, SEATNO, CLASS, PID, PASSPORTNO)
VALUES(5893069766787,'BOM','DFW','11-AUG-16','','22-DEC-16','33F','ECONOMY',15,'R8990566');
SELECT * FROM TICKET_DETAILS;


-- Creating TICKET_FARE Table
CREATE TABLE TICKET_FARE
(DATE_OF_BOOKING DATE NOT NULL,
SOURCE VARCHAR(3) NOT NULL,
DESTINATION VARCHAR(3) NOT NULL,
CLASS VARCHAR2(15) NOT NULL,
PRICE INT,
PRIMARY KEY(DATE_OF_BOOKING, SOURCE, DESTINATION, CLASS));
DESC TICKET_FARE;


-- Inserting in TICKET_FARE Table
INSERT INTO TICKET_FARE(DATE_OF_BOOKING, SOURCE, DESTINATION, CLASS, PRICE) 
VALUES('11-MAY-16','BOM','DFW','ECONOMY',95000);
INSERT INTO TICKET_FARE(DATE_OF_BOOKING, SOURCE, DESTINATION, CLASS, PRICE) 
VALUES('11-JUN-16','JFK','BOM','ECONOMY',100000);
INSERT INTO TICKET_FARE(DATE_OF_BOOKING, SOURCE, DESTINATION, CLASS, PRICE) 
VALUES('21-AUG-16','IAH','DEL','BUSINESS',200000);
INSERT INTO TICKET_FARE(DATE_OF_BOOKING, SOURCE, DESTINATION, CLASS, PRICE) 
VALUES('10-AUG-16','IXC','IAH','FIRST-CLASS',150000);
INSERT INTO TICKET_FARE(DATE_OF_BOOKING, SOURCE, DESTINATION, CLASS, PRICE) 
VALUES('13-JUN-16','JFK','TPA','ECONOMY',98000);
INSERT INTO TICKET_FARE(DATE_OF_BOOKING, SOURCE, DESTINATION, CLASS, PRICE) 
VALUES('11-NOV-16','BOM','DFW','ECONOMY',125000);
INSERT INTO TICKET_FARE(DATE_OF_BOOKING, SOURCE, DESTINATION, CLASS, PRICE) 
VALUES('15-NOV-16','IAH','DEL','FIRST-CLASS',195000);
INSERT INTO TICKET_FARE(DATE_OF_BOOKING, SOURCE, DESTINATION, CLASS, PRICE) 
VALUES('15-OCT-16','SFO','FRA','ECONOMY',170000);
INSERT INTO TICKET_FARE(DATE_OF_BOOKING, SOURCE, DESTINATION, CLASS, PRICE) 
VALUES('12-NOV-16','IXC','IAH','ECONOMY',140000);
INSERT INTO TICKET_FARE(DATE_OF_BOOKING, SOURCE, DESTINATION, CLASS, PRICE) 
VALUES('22-JAN-16','BOM','SFO','ECONOMY',45000);
INSERT INTO TICKET_FARE(DATE_OF_BOOKING, SOURCE, DESTINATION, CLASS, PRICE) 
VALUES('19-OCT-16','FRA','DEL','ECONOMY',100000);
INSERT INTO TICKET_FARE(DATE_OF_BOOKING, SOURCE, DESTINATION, CLASS, PRICE) 
VALUES('20-NOV-16','IXC','IAH','ECONOMY',120000);
INSERT INTO TICKET_FARE(DATE_OF_BOOKING, SOURCE, DESTINATION, CLASS, PRICE) 
VALUES('13-MAY-16','BOM','DFW','ECONOMY',65000);
INSERT INTO TICKET_FARE(DATE_OF_BOOKING, SOURCE, DESTINATION, CLASS, PRICE) 
VALUES('26-JUN-16','FRA','DEL','ECONOMY',80000);
INSERT INTO TICKET_FARE(DATE_OF_BOOKING, SOURCE, DESTINATION, CLASS, PRICE) 
VALUES('11-AUG-16','BOM','DFW','ECONOMY',98000);
SELECT * FROM TICKET_FARE;




-- Stored Procedure for Details of economy class passengers with destination ‘DFW'


CREATE OR REPLACE PROCEDURE DFWECONOMYPASSENGERS AS 
CURSOR ECOPASSDETAILS is
select al.AL_NAME,fl.FLIGHT_CODE,p2.FNAME,p2.LNAME,p2.PASSPORTNO,t.CLASS,t.DATE_OF_TRAVEL,t.DESTINATION,t.SOURCE,t.SEATNO,t.TICKET_NUMBER 
from Airline al,Flight fl,PASSENGER_PASSPORT p1,PASSENGER_DETAILS p2 ,PASSENGER_FLIGHT p3,TICKET_DETAILS t
where al.AIRLINEID = fl.AIRLINEID
and  p1.PID= p3.PID
and  p1.PASSPORTNO =p2.PASSPORTNO
and fl.FLIGHT_CODE = p3.FLIGHT_CODE
and t.PASSPORTNO = p2.PASSPORTNO
and t.CLASS='ECONOMY' and t.DESTINATION='DFW';
PASSDETAILS ECOPASSDETAILS%rowtype;

BEGIN
Open ECOPASSDETAILS ;
   LOOP
    fetch ECOPASSDETAILS into PASSDETAILS;
     EXIT WHEN ECOPASSDETAILS%NOTFOUND;
   dbms_output.put_line (PASSDETAILS.AL_NAME || '  ' || PASSDETAILS.FLIGHT_CODE || '  ' || PASSDETAILS.FNAME || '  ' 
                         || PASSDETAILS.LNAME|| '  ' ||PASSDETAILS.PASSPORTNO || '  ' || PASSDETAILS.CLASS || '  ' || PASSDETAILS.SOURCE || '  '
                         || PASSDETAILS.SEATNO || '  ' || PASSDETAILS.TICKET_NUMBER);
    END LOOP;
     close ECOPASSDETAILS;
 END DFWECONOMYPASSENGERS;


--  RUN SEPERATELY
exec DFWECONOMYPASSENGERS();



-- Cursor for displaying  flight details which match the given  status

CREATE OR REPLACE PROCEDURE FLIGHTSBYSTATUS (  IN_STATUS IN VARCHAR2) AS  
CURSOR fSTATUS is
Select  distinct f.FLIGHT_CODE ,al.AL_NAME ,f.ARRIVAL,f.departure,f.SOURCE,f.DESTINATION,f.STATUS,f.FLIGHTTYPE from Airline al ,Airport ap,flight f
where al.AIRLINEID=f.AIRLINEID
and  f.STATUS =IN_STATUS;

FlightStatus fSTATUS%rowtype;

BEGIN
  Open fSTATUS ;
   LOOP
    fetch fSTATUS into FlightStatus;
     EXIT WHEN fSTATUS%NOTFOUND;
   dbms_output.put_line (FlightStatus.FLIGHT_CODE || '  ' || FlightStatus.AL_NAME || '  ' 
                         || FlightStatus.ARRIVAL || '  ' || FlightStatus.departure|| '  ' ||FlightStatus.Source || '  ' || FlightStatus.DESTINATION 
                         || '  ' || FlightStatus.STATUS || '  ' || FlightStatus.FLIGHTTYPE);

    END LOOP;
     close fSTATUS;
END FLIGHTSBYSTATUS;

-- Displaying Data of Flight which are DELAYED --

exec FLIGHTSBYSTATUS('Delayed');

-- Displaying Data of Flight which are ON_TIME --

exec FLIGHTSBYSTATUS('On-time');


-- TRIGGER TO UPDATE 'TICKET_PRICE_HISTORY' TABLE . WHEN THE PRICE OF AN AIR TICKET IS UPDATED IN TICKET2 TABLE, THEN THE OLD DATA WILL
-- BE INSERTED IN 'TICKET_PRICE_HISTORY' TABLE.
-- CREATE A TICKET_PRICE_HISTORY Table --

CREATE TABLE TICKET_PRICE_HISTORY
(DATE_OF_BOOKING DATE NOT NULL,
SOURCE VARCHAR(3) NOT NULL,
DESTINATION VARCHAR(3) NOT NULL,
CLASS VARCHAR2(15) NOT NULL,
PRICE INT,
PRIMARY KEY(DATE_OF_BOOKING, SOURCE, DESTINATION, CLASS));
DESC TICKET_PRICE_HISTORY;


-- CREATE A TRIGGER TICKET_PRICE_HISTORY --

CREATE OR REPLACE TRIGGER TICKET_PRICE 
BEFORE UPDATE OF PRICE 
ON TICKET_FARE 
FOR EACH ROW 
 
BEGIN 
INSERT INTO TICKET_PRICE_HISTORY  
VALUES(:OLD.DATE_OF_BOOKING, :OLD.SOURCE, :OLD.DESTINATION, :OLD.CLASS, :OLD.PRICE); 
END; 
/


--  QUERY 1 :

UPDATE TICKET_FARE
SET PRICE=150000
WHERE DATE_OF_BOOKING ='11-NOV-16'
AND SOURCE='BOM'
AND DESTINATION='DFW'
AND CLASS='ECONOMY';
SELECT * FROM TICKET_PRICE_HISTORY ;


-- QUERY 2:

UPDATE TICKET_FARE 
SET PRICE=190000 
WHERE DATE_OF_BOOKING ='11-NOV-16' 
AND SOURCE='BOM' 
AND DESTINATION='DFW' 
AND CLASS='ECONOMY';

SELECT * FROM TICKET_PRICE_HISTORY ;



-- The following function will return then total number of passenger whose destination is the given destination from the TICKET_DETAILS Table

CREATE OR REPLACE FUNCTION TotalPassenger(dest in varchar)
RETURN int is TOTAL number(35) :=0;
BEGIN
Select count(*) into TOTAL from TICKET_DETAILS where DESTINATION =dest;
RETURN TOTAL;
END;
/
DECLARE 
   total number(35); 
   dest varchar(5);
BEGIN 
    dest:='DFW';
   total := TotalPassenger(dest); 
   dbms_output.put_line('Number of Customers travelling to '|| dest || ' is : ' || total); 
END; 
/


-- Get the Travel Dates from the ‘TICKET_DETAILS’ Table, given the First Name and Last Name of the Passenger. This Query Uses ‘PASSPORTNO’ 
-- by matching it with the ’FNAME’ and ‘LNAME’ from ‘PASSENGER_DETAILS’ Table in the inner query and assigning it with the ‘PASSPORTNO’ in the 
-- ‘TICKET_DETAILS’ Table in the outer query. The Exception is handled when the wrong ‘FNAME’ or ‘LNAME’ of the Passenger is given. 

-- Case 1 :  If incorrect passenger name is given.
DECLARE  
   DOT DATE;  
BEGIN  
   SELECT DATE_OF_TRAVEL INTO DOT FROM TICKET_DETAILS WHERE PASSPORTNO = ( 
    SELECT PASSPORTNO FROM PASSENGER_DETAILS WHERE FNAME='ANKITA' AND LNAME='SOLANKI'); 
   dbms_output.put_line('Date of Travel for the given passenger is ' || DOT);  
exception  
   WHEN no_data_found THEN  
      dbms_output.put_line('Oops!!! Passenger_details not found in the given Table');  
end;

-- Case 2 :  If correct passenger name is given.

DECLARE  
  DOT DATE;  

BEGIN  
  SELECT DATE_OF_TRAVEL INTO DOT FROM TICKET_DETAILS WHERE PASSPORTNO = ( 
    SELECT PASSPORTNO FROM PASSENGER_DETAILS WHERE FNAME='ANKITA' AND LNAME='PATIL'); 
  dbms_output.put_line('Date of Travel for the given passenger is ' || DOT);  
exception  
  WHEN no_data_found THEN  
      dbms_output.put_line('Oops!!! Passenger_details not found in the given Table');  
end;

